ip_reference_buildings|참조 : 건물
ip_reference_buildings_text|대장장이 ^ 건설 가능 : 모두. 기본 비용 : 5000. ^ 청지기 기술 : 전술 2, 무역 3. ^ 대장장이 수입이 5만큼 증가하고 번영이 5 %. ^^ 건물 조사관 ^ 건축 할 수있는 곳 : 마을. 기본 비용 : 7000. ^ 청지기 기술 : Tactics 2, Spotting 2. ^ Building Inspectors는 기본 수입을 2 씩, 번영을 3 % , 관계를 1 씩 증가시킵니다. ^ Cathedral ^ 구축 가능 : 마을. 기본 비용 : 20000. ^ 청지기 기술 : 엔지니어 5, 리더십 5, 설득 6. ^ 성당은 수입을 20 씩, 번영을 20 % , 관계를 10 씩 증가시킵니다. ^^ 장식 할 수있는 곳 : 성, 마을. 기본 비용 : 1000. ^ 청지기 기술 : 설득 3, 리더십 3. ^ 채플은 수입을 5 씩 증가시킵니다. ^^ 교회 ^ 건축 할 수있는 : 모두. 기본 비용 : 7000. ^ 청지기 기술 : 설득 5, 엔지니어 3, 지도력 5. ^ 교회는 수입을 5 씩, 번영을 10 % , 관계를 5 씩 증가시킵니다. 또한 당신의 사업에 경건한 귀족을 끌어들일 것입니다. ^^ 시민 순찰 ^ 구축 가능 지역 : 도시. 기본 비용 : 800. ^ 청지기 기술 : 탐지 2, 추적 2, 전술 1. ^ 시민 순찰대는 기본 수입을 1 %, 번영으로 2 % , 관계를 5 씩 증가시킵니다. ^^ 법원 시스템 ^ 구축 가능 : 마을. 기본 비용 : 8000. ^ 청지기 기술 : 죄수 관리 2, 전술 4, 설득 5. ^ 법원 시스템은 수입을 5 씩, 번영을 10 % , 관계를 5 씩 증가시킵니다. . 기본 비용 : 5000. ^ 청지기 기술 : 인벤토리 4, 전술 3. ^ 작물 회전은 소득을 20 증가시키고 번영을 5 %. ^^ 증가합니다. 소방대 ^ 구축 가능 : 모두. 기본 비용 : 3000. ^ 청지기 기술 : 길 찾기 2, 목격 2. ^ 불 여단은 번영을 5 % , 관계 3 % 증가시킵니다. ^ 물고기 연못 ^ 건축 할 수있는 곳 : 마을. 기본 비용 : 6000. ^ 청지기 기술 : 엔지니어 1, 목격 2. ^ 물고기 연못은 기본 수입을 10만큼, 마을 번영을 10 %. ^^를 증가시킵니다. 기본 비용 : 3000. ^ 청지기 기술 : 추적 4, 길 찾기 3. ^ 포레스터는 소득을 5 씩 늘리고 번영을 5 %. ^^ Herbalist ^를 쌓을 수있는 자원과 목재를 모 읍니다. 기본 비용 : 5000. ^ 청지기 기술 : 응급 처치 3, 상처 치료 3. ^ 약초 학자는 지역 사회의 건강을 돕고, 번영을 10 % , 관계를 5 씩 증가시킵니다. ^^ 병원 ^ 건축 할 수있는 도시 : . 기본 비용 : 10000. ^ 청지기 기술 : 전술 3, 수술 5, 설득 3. ^ 병원은 수입을 5 씩, 번영을 10 % , 관계를 5 씩 증가시킵니다. ^^ 사냥 장 ^ 빌드 할 수있는 곳 : Village. 기본 비용 : 3000. ^ 청지기 기술 : 추적 3, 길 찾기 3. ^ 헌팅 롯지는 헌팅 파티를 보내어 수입을 5 씩 늘리고 번영을 10 %. ^^ 향상시킵니다. 기본 비용 : 10000. ^ 청지기 기술 : 엔지니어 3, 길 찾기 4. ^ 개선 된 도로는 기본 수입을 5 씩, 번영을 20 %,, 관계를 2 씩 증가시킵니다. 기본 비용 : 1000. ^ 청지기 기술 : 길 찾기 2. ^ 램프 라이터는 번영을 2 %  씩, 관계는 2만큼 증가시킵니다. ^^ 매너 ^ 구축 가능 : 마을. 기본 비용 : 8000. ^ 청지기 기술 : 엔지니어 2. ^ 매너는 마을에서 휴식을 취하고 번영을 10 %  증가시키고 기본 수입을 10 씩 증가시킵니다. ^^ 시장 ^ 구축 가능 : 마을, 성. 기본 비용 : 10000. ^ 청지기 기술 : 설득 2, 무역 5, 약탈 2. ^ 시장은 기본 수입을 50만큼, 번영을 50 %.까지 증가시킵니다. [Messenger Post ^ 구축 가능 : 모두. 기본 비용 : 4000. ^ 청지기 기술 : 엔지니어 2, 길 찾기 2. ^ 메신저 포스트를 사용하면 멀리 있어도 적들이 근처에있을 때마다 주민들이 메시지를 보낼 수 있습니다. 또한 관계를 5 개선합니다. ^^ 내 ^ 빌드 가능 : 모두. 기본 비용 : 3000. ^ 청지기 기술 : 엔지니어 4, 전술 3, 거래 4. ^ 광산은 탐사 중 발견 된 광물 가치를 기반으로 직접 수입을 창출하고 번영을 5 %. ^^ Monastery ^ 증가시킵니다. . 기본 비용 : 5000. ^ 청지기 기술 : Persuasion 4, Trainer 4. ^ 수도원은 수입을 5 씩, 번영을 5 % , 관계를 5 씩 증가시킵니다. ^^ 조직 된 길드 ^ 구축 가능 : 마을. 기본 비용 : 15000. ^ 청지기 기술 : 무역 5, 전술 5, 설득 5. ^ 조직 된 길드가 기본 수입을 50 증가시키고 번영을 25 %. ^^ Prison Tower ^ 구축 가능 : Castle, Town. 기본 비용 : 7000. ^ 청지기 기술 : 엔지니어 2, 죄수 관리 2. ^ 감옥 탑은 포로가 성공적으로 탈출 할 가능성을 줄입니다. ^^ 전망 (특별) ^ 구축 가능 : 모두. 기본 비용 : 1000. ^ 청지기 기술 : 엔지니어 1, 목격 1. ^ 근처에 광물과 석재를 찾기 위해 탐광 자 그룹을 고용하고 보냅니다. ^^ 렌더러 ^ 건축 할 수있는 곳 : 마을. 기본 비용 : 7000. ^ 청지기 기술 : 재고 2. ^ 렌더러는 직접 수입을 4 증가시키고 번영을 4 %. ^^ 증가시킵니다 위생 기준 ^ 구축 가능 : 모두. 기본 비용 : 3000. ^ 청지기 기술 : 전술 3, 엔지니어 2, 목격 2. ^ 위생 표준은 기본 수입을 2로, 번영을 2 % , 관계를 5로 증가시킵니다. ^^ 학교 ^ 구축 가능 : 마을. 기본 비용 : 9000. ^ 청지기 기술 : 트레이너 2. ^ 학교는 매주 +1 씩 마을 주민들의 충성을 증가시킵니다. ^^ 셰리프 ^ 건축 할 수있는 곳 : 마을. 기본 비용 : 5000. ^ 청지기 기술 : 트레이너 3, 추적 2, 전술 3. ^이 질서와 율법은 10 %,의 관계를 5만큼 향상시키고,이 지역의 산적 생성에 영향을 미치고 민병대 순찰을 보냅니다. ^^ 신사 ^ 빌드 가능 : 모두. 기본 비용 : 3000. ^ 청지기 기술 : 설득 3, 상처 치료 3. ^ 신사는 위치의 번영을 5 % , 관계 5 증가시킵니다. 또한 경건한 귀족이 당신의 대의를 불러 일으킬 것입니다. ^^ 숙련 된 장인 ^ 내장 가능 : 모두. 기본 비용 : 6000. ^ 청지기 기술 : 설득 2, 전술 3, 무역 4. ^ 숙련 된 장인이 마을 번영을 20 % 만큼 증가시키고 기본 수입을 100 씩 증가시킵니다. 또한 독립적 인 주별 건물 수리가 가능합니다. ^^ 거리 청소부 ^ 건축 할 수있는 : 도시. 기본 비용 : 2000. ^ 청지기 기술 : 추적 2. ^ 스트리트 스위퍼는 3 % 의 번영을 증가시키고 관계는 3만큼 증가합니다. ^ 세금 징수 원 사무소 ^ 구축 가능 : 모두. 기본 비용 : 2000. ^ 청지기 기술 : 약탈 3. ^ 세금 징수 원은 특정 지역의 기본 수입을 10 씩 늘리고 번영을 10 %  씩 낮추며 관계를 2만큼 줄입니다. ^^ 도둑 길드 ^ 구축 가능 : 도시 . 기본 비용 : 10000. ^ 청지기 기술 : 약탈자 5, 전술 5, 설득력 2. ^ 도둑 길드가 적 형제단을 마을로 데려 와서 직접 수입을 20만큼, 번영을 15 증가 %. 또한 마을 관계를 10만큼 줄입니다. . ^^ 타운 크리어 ^ 건물 수 : 마을. 기본 비용 : 500. ^ 청지기 기술 : 스포팅 2. ^ 타운 크리어는 기본 수입을 1 증가시키고, 번영을 2 % , 관계를 1 증가시킵니다. ^^ 훈련장 ^ 구축 가능 : Castle, Town. 기본 비용 : 8000. ^ 청지기 기술 : Trainer 4, Weapon Mastery 5. ^ 훈련장은 위치의 직접 수입을 3 씩 증가시키고 주둔군의 추가 훈련과 귀족 신병을 고용 할 수 있습니다. ^^ 대학 ^ 건설 가능 지역 : 도시. 기본 비용 : 10000. ^ 청지기 기술 : 엔지니어 4, 트레이너 5, 설득 4. ^ 대학은 수입을 10 씩, 번영을 10 % , 관계를 5 씩 증가시킵니다. ^^ 창고 ^ 구축 가능 지역 : 도시. 기본 비용 : 3000. ^ 청지기 기술 : 재고 4, 거래 2. ^ 창고 수입이 5 증가하고 번영이 5 %. ^^ 워치 타워 ^ 구축 가능 : 마을. 기본 비용 : 5000. ^ 청지기 기술 : 엔지니어 1, 스포팅 2. ^ 시계탑은 마을 사람들이 더 일찍 경보를 울릴 수있게합니다. 적들이 마을을 약탈하는 데 걸리는 시간이 25 %. 증가합니다. 또한 관계가 5만큼 향상됩니다. 기본 비용 : 2500. ^ 청지기 기술 : 스포팅 2. ^ 잘 청소부는 소득을 2 씩, 번영을 2 %  씩, 관계를 2. ^ Winery ^ 증가시킬 수 있습니다 : 마을, 성. 기본 비용 : 8000. ^ 청지기 기술 : 설득 3, 응급 처치 2, 전술 4. ^ 와이너리는 기본 수입을 50으로, 번영을 10 % , 관계를 3. 증가시킵니다 ^^
ip_reference_orders|참조 : 기사단 명령
ip_reference_orders_text|용의 순서 ^ 조건 : 플레이어는 까마귀 문화를 받아들이거나 25000 디나르 명예 15. ^ 기존 장 : Rane ^ 가능한 장 : 까마귀 ^ 까마귀 기사에게서 용의 기사 훈련 ^ 사자의 순서 ^ 조건 : 플레이어는 Sarleon 문화를 받아들입니다. 또는 30000 디나르의 Sarleon 10. ^ 기존 장 : Sarleon ^ 가능한 챕터 : Marleons ^ Sarleon Knights에서 사자 기사를 훈련시킵니다. ^^ 제국 문화 : 플레이어는 제국 문화를 받아들입니다. 10, 25000 디나르 ^ 기존 챕터 : Janos ^ 가능한 챕터 : Ethos ^ 제국 기사단에서 제국 불멸자를 훈련시킵니다. ^^ 윈드 라이더 ^ 조건 : 플레이어는 D' Shar 문화를 수용하거나 25000 디나르의 명예 10을 명중합니다. 가능한 챕터 : 날 타르 ^ 다 리샤르 귀족 기병대에서 드 샤르 윈드 라이더를 훈련시킵니다. ^^ 레이디 발키리 ^ 조건 : 플레이어는 Fierdsvain Culture 또는 Javiksholm, Honor 10, 30000 denars를 받아들입니다 ^ 기존 장 : Javiksholm 그 rsirs. ^^ Griffon의 주문 ^ 조건 : 파티 장의 Darlion 각하 또는 귀하의 캐릭터가 아버지 나 Qualis Gem으로부터 편지를 받았을 때 Old Pendor Culture, Honor 20, 25000 denars를 받아들이면 ^ Pendor Knights의 Griffon의 기사단 ^ 팔콘의 주문 ^ 조건 : 마담 우르술라 (Madame Ursula) 또는 레인 레인 경, 25000 디나르 명예 15 장 ^ 가능한 장 : 팔콘 다크 성 ^ 메이든 어드벤처에서 팔콘의 기사 훈련 ^ 레이븐 스피어의 주문 ^ 조건 : 플레이어 Poinsbruk, Honor 5, 25000 denars 소유 ^ 기존 장 : Poinsbruk ^ 가능한 장 : Avendor ^ Trains Ravenstern Knights에서 Raven Spear의 기사 훈련 ^^ Radiant Cross 주문 ^ 조건 : 플레이어 소유 Ethos, Honor 20, 25000 denars ^ Trains 펜 도르 기사단의 광란의 기사단 ^^ 클라리온 외침의 주문 ^ 조건 : 플레이어는 사르 레온 문화를 받아들이거나 10, 25000 디나르를 기리는 라 리아를 소유하고 있습니다 ^ 기존 장 : 라 리아 ^ 사르 레온 기사단의 클라리온 외침을 훈련합니다. ^ ^ 새벽의 주문 ^ Cond itions : 플레이어는 Valonbray, Honor 20, 25000 denars 소유 ^ 기존 장 : Valonbray ^ Pendor Knights에서 새벽 기사 훈련 ^ ^ 흑단 건틀릿 주문 ^ 조건 : Qualis Gem, Honor 5, 20000 denars ^ 가능한 장 : Avendor ^ Pendor Foot Knights에서 Ebony Gauntlet의 기사 훈련. ^^ Shadow Legion의 주문 ^ 조건 : Qualis Gem, Honor 10, 20000 denars ^ 기존 장 : Cez ^ Empire Knights에서 Shadow Legion Centurions 훈련. ^^ Silvermist Rangers ^ 조건 : Qualis Gem, Honor 20, 20000 디나르 ^ 가능한 장 : Senderfall ^ Pendor Black Archers에서 Silvermist Rangers를 훈련시킵니다. ^^ Eventide의 주문 ^ 조건 : 파티에서 Alistair 경, -20 이하, 30000 디나르 ^ 기존 장 : Singal ^ Pendor Knights에서 이벤트 기사단 훈련. ^^ Phoenix의 주문 ^ 조건 : Qualis Gem, Honor 15, 20000 denars ^ 기존 장 : Calendain Castle 또는 Maras Castle 또는 Almerra Castle ^ Phoenix of Knight of Phoenix from 제국 기사단 ^^ 그림자의 주문 늑대 ^ 조건 : 2000 년 10 월 10 일 퀄리스 보석, 디나르 ^ 기존 장 : Walven Castle 또는 Savador Castle 또는 Oregar Castle ^ Empire Knights에서 그림자 늑대 훈련 ^ 전갈 암살자 주문 ^ 조건 : Qualis Gem, Honor 5, 20000 디나르 ^ 기존 장 : Ishkoman ^ D' Shar 귀족 기병대에서 전갈 암살자를 훈련시킵니다. ^^ 크라켄 리 다리의 주문 ^ 조건 : Qualis Gem, Honor 15, 20000 디나르 ^ 기존 장 : 윈드 홀름 ^^ 독특한 기사단 순서 ^ 조건 : Qualis Gem, 20000 명예 디너 스 ^ 문화의 기사단에서 기사단을 훈련시킵니다. ^^
ip_morale|워 밴드 : 사기
ip_morale_text|사기는 파티에서 군대가 전투와 행진의 스트레스에 직면하는 데 필요한 지구력, 용기 및 훈련을 소환하는 능력과 의지를 나타냅니다. 군대의 행복과는 다릅니다. 엘리트 부대는 캠페인의 어려움에 대해 불평하고 우는 소리를 낼 수 있지만, 화살이 날기 시작할 때 하나가되어 함께 서 있습니다. 다른 한편으로, 자신의 병사에게 원하는 모든 것을 제공하는 사령관은 부드러워지고 적의 혐의에 앞서 포기한다는 사실을 발견 할 수 있습니다. 그들이 그들과 맞서 싸우는 조수를 인식 할 때 그들이 깰 수있는 가능성. 사기는 남자들이 자신의 신체적 한계에 도달하지 않기 때문에 동기가 덜한 파티가 더 느리게 움직이고 더 자주 멈추는 경향이 있기 때문에 파티의 행진 속도에 영향을 미칩니다. 마지막으로 사기가 매우 낮은 당사자는 이탈을 당하게됩니다. ^^ 사기에 영향을 미치는 일부 요인은 직관적입니다. 예를 들어, 전투에서 승리 한 것으로 유명한 카리스마 사령관은 자신의 남자에게 자신감을 불어 넣을 수 있습니다. 사람들에게 풍부하고 다양한 식량을 공급하고 제 시간에 돈을 지불하는 지도자들은 군대의 복지에 관심이 있으며 재난으로 이끌 가능성이 적다는 것을 보여줍니다. 파티의 그룹 응집력과 관련이 있습니다. 예를 들어, 작고 꽉 짜인 파티에서 남자들은 종종 자신의 무기 동지들 앞에서 겁쟁이를 피하기 위해 어려운 확률에 맞서 싸울 것입니다. 반면에 큰 당은 사령관이 남자들을 감독하고 불만을 듣고 분쟁을 해결하는 시간이 줄어들어 응집력이 약 해지는 것을 볼 수 있습니다. 빈번한 전투는 남성 간의 유대를 강화하고, 전투가 없으면 오랜 시간 동안 군대가 지루하고 싸우는 것을 보게 될 것입니다. ^^ '보고서'버튼을 누르면 접근 가능한 사기 보고서가 플레이어에게 영향을 미치는 요인에 대한 감각을 줄 것입니다. 남자의 사기.
ip_economy|워 밴드 : 이코노미
ip_economy_text|펜 도르의 도시와 마을은 인구가 건강하고 생산적인 상태를 유지하기 위해 다양한 상품이 필요합니다. 가장 중요한 것은 음식입니다. 곡물은 펜 도르의 주요 작물이지만 사람들은 고기, 생선 또는 치즈 형태의 지방과 단백질이 필요합니다. 육류를 보존하기 위해서는 육류를 보존하는 데 거의 많은 노력이 필요하므로 소금도 수요가 많습니다. 음식을 먹은 후에는 무거운 양모, 가벼운 리넨 또는 고급 벨벳이 옷을 입습니다. 마지막으로, 사람들은 무역 도구, 즉 철기, 도기, 가죽 제품, 그리고 무기, 갑옷, 전쟁을위한 말이 필요합니다. ^^ 대부분의 농산물은 마을에서 생산되는 반면, 마을의 장인은 제조 또는 직물 또는 다리미와 같은 장 인품. 또한 국가마다 다른 자원이 있습니다. 따라서 펜 도르의 번영의 열쇠는 마을과 마을, 그리고 주요 도시들 사이의 무역입니다. ^^ 무역이 흐르면 상품을 구할 수 있고 저렴한 가격에 센터의 인구는 건강하고 활력이 넘칩니다 이주민은 인근 지역에서 몰려 듭니다. 이 센터는 더 많은 것을 생산하고 더 많이 소비하며 주들에게 더 많은 세금을 기부 할 수 있습니다. 무역이 마르면 마을과 마을은 노동자들이 다른 곳에서 일자리를 구하기 위해 도망가는 것을 보게 될 것이며 경제 활동은 정지 상태에 빠질 것이다. 따라서 전쟁과 적대 행위의 위험으로부터 무역로를 보호하는 것은 통치자의 이익에 달려있다. 그러나 현명한 상인은 그로 인해 가격 불균형으로 깔끔한 이익을 얻을 수 있기 때문에 나머지 지역에서 고립 된 도시를 찾아야 할 수도 있습니다. 마을에서 물건을 시장에 내 놓으면 마을 시장은 다소 조용한 곳이 될 것이며, 마을 사람들은 값싼 물건을 사고 사랑하는 사람을 팔 것입니다. 진지한 상인들은 마을에 가서 이익을 내기 위해 노력할 것입니다. 일부 당사자들은 마을에서 물건을 얻기 위해 빨리 멈추기로 결정할 수도 있습니다. ^^ 지역의 번영에 영향을 미치는 요인에 대해 알고 싶은 플레이어는 지역 도시. 다른 정보는 자신의 특정 거래 밖에서 많이 알지 못하지만 통행인으로부터 수집 할 수 있습니다.
ip_courtship|워 밴드 : 구애
ip_courtship_text|플레이어는 펜 도르의 고귀한 가족 중 한 명과 결혼하기를 원할 수 있습니다. 결혼은 힘과 키가 커지는 데 필요하지 않지만, 플레이어는 군주와의 관계를 개선하고 왕좌에 대한 주장을 할 수있는 기회를 제공합니다. ^^ 결혼 요구 사항은 남녀에 따라 다릅니다. 남성 캐릭터는 일반적으로 전통적인 구애의 길을 추구해야합니다. 그는 Pendorian 귀족 사회에서 명성을 쌓고, 신부의 부모 나 보호자와 좋은 관계를 맺고, 지역 관습에 따라 그 여자를 숭배해야합니다. 플레이어가 참을성이 없어지면 지름길을 시도 할 수 있지만 다른 주들과의 관계에 영향을 줄 수 있습니다. ^^ 남자 캐릭터는 다른 주들이 왕국의 애정을 위해 그와 경쟁 할 것이라는 점을 명심해야합니다. 숙녀. 또한 여성의 취향은 예측할 수 없으며 플레이어는 자신의 사랑의 대상이 그를 대가로 사랑하지 않는다는 것을 알 수 있습니다. 다른 곳에서와 같이 펜 도르에서 로맨스가 항상 번창하는 것은 아닙니다. 물론, 선수는 숙녀의 마음을 얻는 다른 덜 신사적인 방법에 의지 할 수 있지만 다시 그의 명성에 심각한 영향을 미칠 것입니다. ^^ 구애의 길을 시작하려면 남자 선수가 Pendorian 귀족의 사회 생활에 참여하고 축제와 토너먼트에 참석합니다. 또한 방황하는 트라 우바 두르와 시인은 구애에 관한 유용한 정보 저장소가 될 수 있으며 플레이어에게 최신 가십에 대한 최신 정보를 유지할 수 있습니다. ^^ 여성 캐릭터도 결혼 할 수 있지만 펜 도리아 사회는 매우 전통적이라는 점을 명심해야합니다 그리고 모험가로서 그들은 여자를위한 매우 비 전통적인 길을 선택했습니다. 여성 캐릭터는 그녀와 결혼하기에 충분한 열린 마음을 가진 영주를 찾기 위해 잠시 기다려야 할 수도 있습니다. ^^ 밝은면에서, 여성 캐릭터는 정교한 구애 의식을 거칠 필요가 없으며, 또한 그녀는 남성보다 결혼 생활에서 더 많은 것을 얻습니다. 여성 모험가에게있어 결혼은 권력의 빠른 길일 수 있으며, 파렴치한 인물은 남편을 정치적 야망의 도구로 사용할 수 있습니다.
ip_politics|워 밴드 : 정치
ip_politics_text|펜 도르의 영역은 서로 다른 문화를 대표하지만 모두 동일한 기본 정치 시스템 인 봉건주의를 고수합니다. 봉건주의는 개인 간의 관계를 기반으로합니다. 이 맹세와 대가로, 뱃살은 일반적으로 전쟁 중에 맹세를 지원하기 위해 군대를 키우기 위해 틈새에 의해 수입이 사용될 소포 인 소포를 받게됩니다. 리에 주도 자신의 허혈을 보호하고 정당하게 대해야 할 의무가 있습니다. ^^ 이것이 이론 상으로는 어떻게 작동하는지입니다. 실제로, 신은 항상 파벌의 관심사에 작용하지는 않습니다. 특히 그들이 종종 서로 다툼을하기 때문입니다. 귀족은 다른 성격을 가지고 있으며 때로는 그 성격이 충돌합니다. 아니면, 두 귀족은 한때 친구 였을 수도 있지만, 좌절이나 패배의 여파로 넘어 졌거나 둘 다 같은 여자를 쫓고 있었기 때문에 넘어졌습니다. 질투심은 왕의 호의를 얻기 위해 경쟁 할 때도있을 것이다. 아마도 새로 정복 된 땅이나 대규모 캠페인을 조직하는 주관 인 마샬 사무국을 맡게 될 사람에 대해 말이다. ^^ 펜 도어는 다른 나라와 전쟁을 벌이는데, 각 왕국의 정치적 통일성은 그 결과를 결정할 때 병사들의 질이나 수만큼 중요합니다. 응집력있는 왕국에서 귀족들은 적들보다 먼저 상대를 휩쓸 기 위해 큰 힘을 모을 것입니다. 사소한 싸움으로 나뉘어 진 왕국에서는 영주들이 소환장 소환에 응답하지 않거나 캠페인이 잘 진행되지 않으면 자신의 사업에 참석하지 않습니다. 진영의 정치 응집력은 캠페인이 진행되지 않을 때 전쟁에도 영향을 미칩니다. 분열 된 파벌에서 군주들은 공습과 순찰에 함께 참여할 가능성이 적고 서로의 방어에 올 수 있습니다. ^^ 적이 지평선을 넘어서도 귀족이 울부 짖고 싸움을 벌이는 것이 자기 패배 인 것처럼 보일 경우 명심하십시오-궁극적으로, 귀족의 충성은 특정 파벌이나 문화가 아니라 자신과 그의 가족에게갑니다. 귀족이 그의 파벌이 무너지고 있다고 두려워하거나, 그의 대가로 무시당하는 경우, 그는 충성을 맹세를 철회하고 편을 바꿀 이유를 찾을 수 있습니다. 플레이어는 불만을 가진 이전의 적을 동맹국으로 바꿀 기회가있을 수 있으므로이 점을 명심해야합니다.
ip_character_backgrounds|워 밴드 : 캐릭터 배경
ip_character_backgrounds_text|Pendor의 플레이어 캐릭터는 다양한 사회적 배경에서 왔습니다. 이 선택은 자신의 시작 기술과 장비뿐만 아니라 모험가로서의 경력 과정에도 영향을 미칩니다. ^^ 펜 도르의 전쟁과 정치는 전통적으로 남성 귀족들이 지배합니다. 고귀한 선수 캐릭터는 그가이 '오래된 소년 클럽'에 상당히 빨리 초대되었음을 알 수 있지만, 평민은 도중에 몇 가지 추가 장애물에 직면 할 수 있습니다. 게임을 고귀한 것으로 시작하기로 선택한 경우 '쉬운'설정으로 생각할 수 있습니다. 평민으로 시작하는 것이 다소 어렵다 ^^ 그러나 여성에게는 몇 가지 시작 장점이있다. 전통적으로 여성이 남성보다 사회적 사다리와 결혼하는 것이 더 쉽고 여성은 남성보다 전략적 결혼 동맹에서 더 많은 것을 얻을 수 있다는 것을 알게 될 것입니다. ^^ 마지막으로, 게임은 배경에 따라 캐릭터의 상향 이동성을 제한하지 않습니다. 고귀하거나 흔하거나 남성 또는 여성, 결혼 또는 미혼-모든 용맹자가 충분히 용감하거나 운이 좋거나 수완이 있다면 모든 펜 도어의 통치자가 될 수 있습니다.
ip_military_campaigns|워 밴드 : 군사 캠페인
ip_military_campaigns_text|펜 도르의 왕국이 전쟁을 벌일 때, 군대는 두 가지 기본 공격 옵션이 있습니다. 그들은 마을을 공격하고 시골에 쓰레기를 버려 적의 명성과 경제를 해칠 수 있습니다. 또는 영토를 점령하고 성이나 도시를 장악하고 붙잡 으려고 할 수 있습니다.이 두 번째 옵션은 길고 피 묻은 포위를 포함 할 수 있지만 더 결정적인 결과를 얻을 수 있습니다. ^^ 펜 도르의 영역이 서있는 군대를 장악하지는 않습니다. 통치자가 원하는 한 현장에 남아 있습니다. 오히려, Pendorian 영역은 주요 귀족과 그들의 개별적인 영토로 구성된 봉건적 부과에 의해 보호됩니다. 때때로,이 귀족들은 적의 영토에 대한 사적인 공격을 시작하지만, 가장 결정적인 사건은 일반적으로 위대한 호스트가 모일 때 발생합니다. 왕이 임명 한 고귀한 왕국의 마샬은 캠페인 전에 호스트를 소환하여 전투로 이끌 것입니다. 그러나 그는 현장에 너무 오래 두지 않도록주의해야합니다. 그렇지 않으면, 주술사가 자신의 사업을 추구하기 위해 표류하면서 군대가 반격하기 시작하고 군대는 반격에 취약 할 것입니다. ^^ 이런 이유로 펜 도르의 전쟁 리듬은 종종 리듬과 유사합니다. 두 개인 전투원 사이의 결투. 한쪽은 힘을 모아 적의 영토에 타격을가하려고합니다. 마셜이 병신을 모으는 데 너무 적은 시간을 소비하면 실제 피해를 입지 못할 수 있습니다. 그가 너무 많은 시간을 보내면 캠페인이 시작되기 전에 종료 될 수 있습니다. 거만한 전투원이 적은 적보다 우위를 점하는 것처럼 큰 영역은 작은 영역보다 유리합니다. 그러나 체력이 큰 전투기가 상대보다 오래 지속될 수있는 것처럼 영역의 정치적 응집력도 요인이 될 수 있습니다. 때로는 두 영역의 군대가 맞닥 뜨려 숫자와 사기가 결과를 결정하는 주요 전투가 발생합니다. ^^ 왕국은 적에 대한 불완전한 지능을 갖게 될 것입니다. 공격 군은 적의 영토를 자주 정찰하여 취약한 요새를 결정해야합니다. 고국을 지키는 군대는 성곽과 도시에서 발생하는 경보를 통해 지역 내 적의 움직임에 대한 정보를 제공합니다. 그러나 이러한 숫자는 특히 숫자와 관련하여 정확하지 않습니다. 마을을 포위 공격하거나 구출하기 위해 설립 한 방어력은 준비되지 않은 공격자를 압도하거나 잘못 계산하여 압도 당할 수 있음을 발견 할 수 있습니다. 공격자들은 공격적인 마샬이 조심스러운 것보다 더 많이 습격하여 적의 영역으로 얼마나 멀리 진격해야하는지주의해야합니다. ^^ 플레이어는 진영에 합류하거나 앞서 스카우트하여 진영의 군사 캠페인에 참여해야합니다. 적의 영토. 일부 플레이어는 자신의 영역의 마셜이 취향에 비해 너무 신중하거나 너무 공격적이라는 것을 알 수 있습니다. 이 경우 그들은 다른 군주들과 마샬을 교체하거나 마샬 자체가되기위한 지원을하려고 노력할 수 있습니다. ^^ 대부분의 전쟁은 기간이 제한되어 있습니다. 전쟁에가는 왕은 명예를 위해 잠시 동안 갈등을 추구 할 의무를 느낍니다. 그러나 그가 적을 치는 것이 아니라면. 그는 곧 자신이 제 3 자의 공격에 취약 해지지 않도록 갈등에서 벗어날 길을 찾기 시작할 수 있습니다. 펜 도르의 통치자들은 오늘날의 동맹국이 내일의적일 수도 있고 그 반대 일 수도 있다는 것을 잘 알고 있습니다.
ip_pendor_history|펜 도르 : 역사
ip_pendor_history_text|거의 천년 전 ^^ 타이탄 전쟁은 인간의 승천을위한 토대를 마련했습니다. 고대 장로들 사이의 끔찍한 전쟁으로 인해 세상은 마술로 가득 차 버렸고, 웅장한 신화적인 사람들은 한때 강력했지만 민속과 전설의 물건이었습니다. 그 당시부터 남아있는 은둔자 Noldor만이 있었으며, 한때 위대한 도시는 모두 하나를 구해 버렸습니다. ^^ 4 년 전, Pendor의 창립. ^^ 인간의 시대입니다. 이 이야기는 펜 도르의 비옥 한 땅과 사람들, 지도자 및 운명의 투쟁에 중점을 둡니다. 수백 년 전, 한 왕국은 칼과 불로 위조되었습니다. 평화가 유지되었고 번영이 왕국에 와서 번성했습니다. 5 세대의 Pendorian Kings는 Sarleon의 Silver Throne에 앉았으며 거의 2 백 년 동안 그들의 땅과 주제의 운명을 이끌었습니다. ^^ Pendor의 창립-198 년입니다. 사악한 것처럼 신속합니다. 한 달, 삼십 일, 제국은 엉망이되었습니다. 아이러니 한 것은 전투에서 칼이 아니고 왕과 그의 가족을 죽인 암흑 마법이 아니었다는 것입니다. 그러나 보이지 않는 살인자, 질병, 밤에 암살자처럼 땅을 황폐화하고 왕국 사람들을 크고 작게 자르는 붉은 전염병에 의해. ^ 왕실 가족은 죽었고, 통치 할 왕이 없었습니다 땅. 한때 자랑스런 왕국을 은색으로 산산조각 낸 것처럼 보이는 침략과 한때 펜 도르의 왕국이었던 영광은 이제 전설의 물건이었습니다. ^ 왕과 그의 상속자들의 죽음으로 인해 혼란이있었습니다. 여러 군주가 왕위에 대한 주장을 제기했으며 거의 모든 귀족이 계승을 넘어 서기 시작했습니다. ^^ Pendor의 창립-199 년입니다 ^^ 북쪽에서 산악 지파들은 펜 도르의 심장부를 습격하기 시작했습니다. 그들의 성공과 영역의 기사들로부터의 응답이 부족한 것으로 인해, 그들은 더 깊게 쳤고, 이것은 곧 Rane에게 포위 공격을 일으켰습니다. 레인 백작은 그 땅의 귀족들로부터 도움을 구했지만, 강력히 발견 된 이유는 그의 도움을 얻지 못했습니다. 많은 북부 군주들이 함께 모여서 미스트 마운틴 북부 전사들의 공격으로부터 도시를 방어하기 위해 행진하는 작은 군대를 결성했습니다. 전투는 피의 격렬하고 격렬했으며, 결국 포위 공격이 풀리고 바바리안 부족과 주술사 지도자들이 산지로 돌아갔다. 그날 용감하게 싸운 북부 군주들은 도시를 방어하는 용감한 전사들로 구성된 기사단 명령 인 용의 명령을 세우기로 결정했습니다. 이 새로운 명령에 대한 소식은 다른 기사단 명령이나 남쪽의 귀족들에 의해 잘 받아들이지 않았습니다. 그들은 북한의 자랑스러운 전사들의 마음에 용감한 용서할 수없는 용의 질서가 해체되도록 요구했다. 다른 확립 된 기사성에 대한 경멸과 Rane으로부터 침략자들을 쫓아 내려는 지원의 부족으로 인해 북부 군주들은 남부 군주들과의 관계를 끊고 독립 왕국 인 Ravenstern 왕국을 선언했습니다. 군주, 남아있는 펜 도리아 귀족들은 몇 년 만에 겪은 다음 도전에 맞설 준비가되어 있지 않았습니다. 오아 사르 장군이 이끄는 침공 함대와 펜 도르 기슭에 강력한 군대를 배치했습니다. 그는 도시와 성을 정복하는 내륙을 몰고 멈출 수없는 것처럼 보였다. 아이러니하게도, 캠페인을 시작한 지 불과 몇 개월 만에 장군은 위대한 바쿠스 제국 자체가 내전과 황제 암살되었다는 소식을 전했습니다. 이 충격적인 소식을받은 후, 오아 사르는 야노스의 대 군주로서 여러 펜 도르 군주들의 지원을 받아 자신을 정립하고 바쿠스 제국의 남은 곳에서 공식적으로 탈주했습니다. 위대한 Baccus Empire는 수십 개의 공국, 도시 국가 및 왕국으로 복잡하게 분열되었습니다. 가장 크고 가장 강력한 것은 뱀의 신권의 지배 아래 있습니다. 뱀의 형태로 자신을 드러내는 이름없는 어둠의 여신을 숭배하는 강력하고 겉으로는 신비로운 전사 사제의 종교입니다. 펜 도르는 남부 지방, 도시 및 귀족의 상당 부분이 이제 자신을 대군 주라고 부르는이 신생 장군 아래에서 죽거나 맹세 한 것을 의미했습니다. 북쪽 왕국의 레이븐 스턴과 오아 사르의 침공으로 강력한 사르 레온 공작 알프레드 경은 남은 펜 도르 군주들을 통합하고 자신을 사르 레온 왕으로 선포했습니다. 10 년 동안 어느 정도의 평화가 유지되었습니다. ^^ Pendor의 창립에서-년은 213입니다 ^^ 멀리 북쪽으로, 바다 건너편에 Vanskerry의 왕성한 전사들이 살았습니다. Jarldoms로 분할 된 그들은 공격자와 상인이었습니다. Baccus Empire가 사라짐에 따라 고용 된 Vanskerry 용병 중 다수는 서리가 내린 서부 해안으로 자유롭게 돌아갈 수있었습니다. 반스 케리 (Vanskerry) 지역에있는 현명한 사람의 생각은 '죽음은 적의 칼날에서 발견되어 전사가 할 일이 없을 때 곤경에 빠진다.' 펜 도르 문제의 북쪽에 관한 말이 왔을 때, 그것은 약탈과 약탈의 약속과 약탈로 여성들을 맞이했습니다. 곧 배가 튀어 나와서 펜더 해안은 금과 부로 가득 찬 익은 땅을 발견했습니다. 그들의 무장하고 왕성한 전사들은 해안을 따라 마을과 마을을 습격하기 시작했고 저항이 거의 없었습니다. 사자의 기사단과 Sarleon의 군주는 해안가를 순찰하여 대응했습니다. 그러나 여전히 교활한 Vanskerry의 공격자들은 마을을 마친 후 마을을 약탈했습니다. 자신을 방어 할 수있는 능력이 거의 없었기 때문에, Pendorian 연안 지방의 상인들은 Jarldoms에 대표단을 파견하여 동맹과 보호를 구했습니다. 처음에는 거부 당했지만 제안에 제목과 토지가 포함되면서 많은 Jarls과 huscarls가 듣기 시작했습니다. Vanskerry의 땅은 펜 도르의 울창하고 풍성한 목초지에 비해 견고하고 차갑습니다. 좋은 날씨에 대한 유혹과 성의 제왕이 될 수있는 기회, 심지어 마을의 시장은 많은 항아리에 호소했습니다. 곧 많은 반스 케리 가정은 아버지의 해안을 떠나 펜 도어 해안을 따라 재산과 번영을 찾았습니다. 일부는 펜 도리아 영주를 섬기고 다른 일부는 귀족과 결혼했다. Vanskerry의 전사 문화와 태도가 해안 영주의 고귀한 집으로 옮겨 졌기 때문에 왕국의 많은 것들이 바뀌 었습니다. 세대 내에 문화 격차가 너무 커서 해안 귀족들이 Sarleon 왕으로부터 떨어져 나와 함께 Fierdsvain이라고 불리는 도시 국가와의 동맹을 형성했습니다. 이야기는 상세한 음모, 전쟁 및 영웅적인 행동뿐만 아니라 대지의 악당에 대해 계속됩니다. Jatu 부족의 이야기와 제국과 오아 사르 장군으로부터의 비행에 대한 이야기가 있었는데, Pendor의 동부 초원에서 유목민이되었습니다. 사자의 질서, 펜 도르의 기사단 질서 및 그들의 역사와 그들의 배신에 대한 자세한 설명이 있습니다. 챕터는 자신의 최악의 적이 스스로임을 발견하기 위해 군대와 경제력으로 진화하는 유목민 인 D' Shar에게 헌정되었습니다. 두 명의 모험가의 삶을 변화시킨 고대 Noldor와 그들의 강력한 무기와 마법과의 만남에 대한 언급이 흥미로 웠습니다. 나는 특히 펜 도르의 영주들을 연합시키고 옛 왕국을 재결합 할 영웅의 오심을 예언하는 방황하는 신비 주의자 매디 건의 이야기에 끌렸다. 그의 사가는 나 자신을 영웅으로 만졌고 진실을 말하고 그의 신념 때문에 사형을 선고 받았다.
ip_pendor_present|펜더 : 현재
ip_pendor_present_text|Pendor의 창립에서-올해는 354 년입니다-예언이 깨어났습니다. ^^ 북쪽-까마귀와 신비한 야만인 ^ 북쪽으로 Ravenstern 왕국은 통과 할 수없는 Cloudmist 산맥의 남쪽 경사면에 있습니다. 그들은 혹독한 북부 기후에 적응 한 정성스럽고 자랑스러운 사람들입니다. 레이븐 스턴의 통치자는 그레고리 1 세의 손자 인 그레고리 4 세입니다. 그는 북부 야만인의 주술사를 클라우드 미스트 산맥의 집으로 몰아 넣는 마지막 책임을 이끌었습니다. 그 전투 이후로, 레이븐 스턴은이 피에 굶주린 씨족의 끊임없는 공격과 분류에 의해 테스트되었습니다. 까마귀 군주들은 무시 무시한 전사이지만, 매우 자랑스럽고 매우 개성적입니다. 이 민족들 사이에는 경쟁이 치열한 강력한 문화가 존재하지만 그룹 별로는 훈련이 잘되지 않는 경향이 있습니다. 까마귀 귀족의 크림 용의 기사단은 전투에서 두려워해야합니다. 이 기사단은 대부분의 다른 기사단 명령과 마찬가지로 귀족에 대한 충성을 맹세하지 않고 그 왕국의 영토에 적합 할 때 여행합니다. ^^ 웨스트-Fierdsvain과 Vanskerry의 공격자 ^^ 서부 해안은 Fierdsvain이며, Vanskerry의 Jarls 중 일부는 독특한 전사 문화를 형성하기 위해 옛 왕국과 섞여서 결혼했습니다. 바쿠스 제국 황제를 대신하여 전쟁을 시작한 반스 케리의 전 용병자를 대부분은 냉담한 불모의 해안으로 돌아가는 데 어려움을 겪었습니다. 펜 도르의 해안 영주에서 온 선교사들이 도착했을 때, 많은 사람들이 더 나은 기후에서 자신을 설립 할 기회를 얻었습니다. 그러나 Vanskerry에는이 용병 Jarls를 북쪽의 코드에 대한 턴 코트로 간주하고이 반역자들이 보유한 땅을 약탈하기 위해 맹세 한 많은 사람들이있었습니다. 그럼에도 불구하고, 새로운 피, 강한 전사, 전투와 무역에 대한 욕구가 쏟아져 Fierdsvain은 Sarleon만큼 번성하고 강력 해졌습니다. ^^ Pendor의 재-Sarleon의 왕국 ^^ Sarleon의 왕국은 게임 맵의 중심. 현재 사울 레온의 울리 크 왕은 알프레드 1 세 왕의 전임, 사 레온의 알프레드 공작이었다. Alfred 왕이 Sarleon 왕국을 설립하자 Pendor를 방어하는 기사단 명령의 대부분이 금지되었습니다. 무법자 명령 중 가장 유명한 것은 그리폰 교단, 펜 도르 왕실의 수호자였다. 오늘날에는 오직 하나의 명령 인 사자의 명령이 여전히 Sarleon에 존재합니다. 이 고귀한 명령은 알프레드의 지배 주장을 뒷받침했다. 그 이후로 사자의 명령은 과거가 흐려졌고, 몇 년 동안 그들은 또한 불법이었다. 오늘날 그들은 숭배 받았으며 현재 Sarleon의 Ulric 왕의 은총을 받고 있으며 그 영역의 수호자입니다. ^^ 남부 대초원-D' Shar Nomads ^^ 남쪽은 Shavanir 사막을 따라 D의 공국입니다 '샤 르는 수십 개의 개별 부족으로 이루어져 있습니다. 펜 도르 왕국의 설립이 시작될 때 여러 부족은 펜 도르 왕이 평화 조약을 위해 그들에게 제공 한 평화와 번영을지지했습니다. 평화는 동맹으로 바뀌었고이 부족들은 북왕국과 거래하기 시작했습니다. 그들이 몇 세대에 걸쳐 D' Shar 평원에 설립 한 임시 텐트와 마구간은 작은 마을과 마을이되었습니다. 그들은 더 이상 유 목적이지 않았지만 정착하여 집을 짓고 농작물을 심었습니다. 그들의 번영은이 부족들을 D' Shar 평야에서 두드러지게 발전시켰다. 그러나 옛 방식에 확고하게 묶인 부족들은 유목민으로 남아 '도시 거주자'를 완전히 거부했습니다. 최근에 그들은이 도시로 들어오고 나가는 많은 캐러밴을 타는 것으로 돌아 왔습니다. 이로 인해 도시와 큰 유목민들 사이의 부족 유목민 사이에 많은 긴장이 생겼습니다. ^^ 동남-제국과 뱀 컬트 ^ 대박 토 제국의 펜 도르 내부와 잔존물은 이제 ' 제국'. 그러나 구 바쿠스 공화국의 일부 (수백 년 전 제국)는 오아 사르 장군에게 심오한 영향을 미쳤을 것입니다. 그는 현존 통치자가 죽거나 닿을 때 민주주의 의회가 새로운 '대 군주'를 선출하기로 결정했습니다 육십 세. 제국의 강력한 군대는 오래 전에 북쪽으로 펜 도르의 심장부로 휩쓸고 내부 도시를 정복했지만, 제국이 남해 전역의 고향에서 가지고 있던 관계를 위해 끝없이 고통을 겪었습니다. 뱀 컬트는 제국 지배 계급을 거의 성공적으로 손상 시켰기 때문에 정치적, 경험적으로 제국에 대한 지속적인 위협이었다. 많은 민간인과 귀족들이 최근에 뱀의 길을 공개적으로 지원하는 데 도움이되지 못했습니다. 이 모든 것이 바뀌 었습니다. 현재 황제 마리우스 1 세는 제국 도시의 사제와 성전을 금지하는 데 성공했습니다. 이 외교적 업적은 신권과 제국 사이의 모든 전쟁의 더 많은 결과를 가져 왔으며 제국 도시와 성 주변의 전투는 일반적입니다. 펜 도르의 뱀 숭배자들은 지하로 갔으며, 뱀의 심장이있는 남해를 가로 질러 도움을 받았습니다. 마리우스 1 세는 신권의 식탁을 굳게 돌리고 제국 백성들에게 부정한 타락의 깊이를 보여주었습니다. 뱀의 여사 제의 죽음의 키스를 피하는 것은 일반 시민 이이 작업에서 황제를 도울 수있는 강력한 동기입니다. ^^ 동부-Jatu 부족 ^ 동부 평야를 따라 Pendor의 대초원이 Jatu의 대초원입니다. 원래 Jatu는 광대 한 평원의 땅에서 남해를 가로 질러 살았습니다. 그들은 활과 창에 정통한 치열한 독립 유목민이었습니다. Jatu는 숙련 된 기수이며 어린 나이의 소년은 말을 타고 싸우는 법을 배웁니다. 수년간의 분쟁 끝에, Baccus Empire는 평화를 대가로 Jatu 지도자들과 계약을 맺었습니다. Jatu는 다른 땅을 정복하기 위해 용병을 제국에 제공 할 것입니다. 오아 사르 장군이 펜 도르를 침공했을 때, 기병대에 대한 그의 주요 칭찬은 Jatu Horse Lords였습니다. 그레이트 바쿠스 제국이 엉망이고 황제가 죽었다는 소식이 전 해지자 Jatu의 전쟁 지도자들은 고국으로 돌아갈 수 없었습니다. 대신에 그들은 오아 사르를 섬기고 수십 명의 마을 사람들을 습격했으며 북쪽으로 여행하여 사람들을위한 새로운 고향을 설립했습니다. 무역과 외교 헌법을 거부하는 폐쇄 된 사회 인이 전사들은 자신의 영역에있는 모든 사람을 공격 할 것입니다. ^^ 거의 모든 곳에서 무기를 가진 사람들과 그것을 사용할 의지가 있습니다. ^^ 오래된 바쿠스 제국이 유명했던 더 불건전 한 요소가 출현하기 시작했습니다. 레드 브라더 후드 (Red Brotherhood)는 펜 도르 전역의 국경을 넘어 비밀 사회 연합입니다. 그들은 도적, 도둑, 노예이며, 불건전 한 계획을 다루고 그들이 손에 넣을 수있는 것을 팔고 있습니다. 당신은 때때로 그들을 발견하고, 도움을 줄 것이며, 때로는 당신의 소유물과 아마도 당신의 삶을 구해주게되어 기쁠 것입니다. 마을 민병대와 여러 군주들은 발견 될 때 그들을 없애려고 노력하지만, 여러 도시에서 뿌리 뽑는 것은 막대기로 쥐의 침입을 죽이려는 것과 같습니다. 당신은 그들 모두를 얻는 것 같지 않습니다. Red Brotherhood의 다양한 갱은 서로 독립적으로 작동합니다. ^^ Pendor에는 조심해야 할 많은 위험이 있지만, 가장 위험한 것 중 하나는 시골을 방황하는 다양한 Renegade Knights입니다. 이 기사들은 다양한 기원을 가지고 있으며, 일부는 불법적 인 기사단 명령에서 나 왔으며, 다른 기사는 운반하는 물건의 야생 마법에 의해 뒤틀리고, 일부는 길을 건너는 사람의 파괴에 구부러져 있습니다. 한 가지 확실한 점은 치명적입니다. ^^ 펜 도르 땅에는 많은 종교와 신앙이 있습니다. 그들 대부분은 자비 롭고, 삶과 죽음 사이의 다리 인 교리를 유지하며, 이후에는 즐거운 행동의 길을 열어줍니다. 자비 롭지 않은 몇몇 종교는 파괴와 증오에 구부러져 있습니다. 이 추종자들은 다른 믿음들에 의해 이단이라고 불리며, 각인 될 것으로 여겨진다. 이단자들은 종종 인간 희생과 다른 어두운 의식을 믿는 사람들이며, 가장 맛이 좋지 않습니다. 더 나쁜 것은 최악의 악몽에서 나온 것들을 현실로 가져옵니다. ^^ 여행 중에는 모험가 회사가 있습니다. 이 모험가 그룹은 다양한 배경을 가지고 있으며 다양한 목표를 가지고 있습니다. 일부는 다양한 영주를 위해 임무를 수행하고 있으며, 일부는 현상금 사냥꾼이며, 다른 일부는 오래 전에 파괴 된 고대 도시의 탐험가입니다. 그들이 당신에게 관심을 가질 경우, 가장 비현실적인 장비와 함께 가장 불가능한 장소에서 나타나고 불가능한 일을하는 것은 스스로 스타일의 영웅이기 때문에 무엇이든 준비하십시오. ^^ 극 동쪽, Noldor. ^^ 장로 종족의 마지막으로 남은 흔적은 Noldor입니다. 타이탄의 전쟁은 끔찍했고,이 사람들의 한때 우아한 도시는 오랫동안 파괴되었습니다. 외부인들에게 숨겨진이 곳만이 그들의 문명에 남아 있습니다. Noldor는 한때 놀라운 마술사 였지만, 큰 갈등의 결과 중 하나는 더 이상 그들의 삶의 중심에있는 통조림과 주문을 불러 낼 수 없었습니다. 그럼에도 불구하고, 그들의 작은 마법 중 일부는 전장에서 거의 초자연적 인 능력으로 입증 된 것처럼 여전히 작동하고 있습니다. 집 근처에서 Noldor의 길을 건너는 사람은 아무도 쫓겨나 지 않습니다.
ip_pendor_orders|펜더 : 기사단 명령
ip_pendor_orders_text|Sarleon의 Hubris deAelswid가 연구하고 저술 한 Pendorian Knighthood 명령의 역사, Sarleon의 인장의 3 번째 학자이자 학자 인 ^^ Pendor의 설립은 전설적인 명성을 얻은 인물 인 Valonbray의 Cavalas Valonbray의 왕좌에 따라 8 번째 또는 12 번째를 기록한 역사가에 따라 유명한 기사의 그럼에도 불구하고 카발라 스는 모험과 모험을 통해 다양한 귀족 영주를 모아 펜 도르 왕국을 설립하고 살 레온에은 왕좌를 세웠습니다. ^^ 일반적으로 카발 라스 왕은 모험의 시대에 그리핀의 질서를 형성했다는 사실로 간주됩니다. 카발라 스는 대관식 후 곧 Validus Charta의 초안을 작성했으며,이 영토의 여러 고귀한 영주들에 의해 서명되었으며,이 문서를 통해 구속력있는 헌장과 법적 근거가 확립되었습니다. 팔의 외투를 인식하는 체계적인 질서를 형성하기 위해 기사단의 존재. 이것은 일부 영주들이 펜 도르 설립에서 카발 라스 왕을지지하는 조건이라고 일반적으로 주장합니다. 이 이론을 뒷받침하는 문서가 존재하지 않는 것으로 알려져 있기 때문에이 주장은 입증 될 수 없다. ^^ 그럼에도 불구하고, 몇 년 안에, Sarleon과 다른 도시와 성에서 수많은 기사단 명령이 일어났다. 물론 창립자의 생애보다 오래 지속되는 것은 거의 없었으며,이 문서는 한 가지 예외를 제외하고 어떤 형태로, 354 년 4 월 12 일 현재까지 지속 된 주문에만 그 범위를 한정해야한다. ^ 사자의 명령-선생님이 Pendor를 창립 한 후 82 년에 설립되었습니다. 레드 로데릭. 색상 : 실버 필드의 붉은 난폭 한 사자. 사자의 명령은 그 나라에서 가장 크고 유명한 기사단 중 하나입니다. 이 명령의 헌장은 엄밀한 조례가 엄격합니다. 여전히 펜 도르에 회원이있는 가장 오래된 기사단 명령입니다. 198 년에 왕실 가족이 적시에 사망 한 후, 그 명령은 그레 폰 교단과 함께 그 영역에서 질서를 확립하고 유지하고 펜 도르의 왕좌를 놓고 경쟁하는 라이벌 진영들 사이의 모든 전쟁을 막는 데 중요한 역할을했습니다. ^^ 북군의 계승과 그레이터 바커스 제국과의 전쟁 후,이 명령은 왕좌를 가정하고 자신을 살 레온 왕으로 선포하는 데 사르 레온 공작 알프레드를지지하고지지했다. ^^ 펜 도르 창립 후 298 년 , 명령은 불법이었다. 이 사건을 둘러싼 이유와 역사에 대한 모든 텍스트와 언급은 우리 왕, Sarleon의 Ulric I의 명령에 의해 파괴되었습니다. 펜 도르 창립 후 346 년, 사르 레온의 울 리치 1 세 왕의 명령에 의해 질서가 회복되었으며, 298 년 이후의 사건과 역사에 대한 언급은 모두 파괴되었습니다. 빛나는 십자가의 순서. 이 기사단 명령은 Dunglave의 Baron Jorn이 Pendor를 창립 한 후 113 년에 설립되었습니다. 색상 : 블랙 필드의 백 십자 ^ 학교 메모 : 펜 도르 창립 후 203 년에 오아 사르 장군에 의해 도시를 점령 한 후 던 글레이브는 야노스로 이름이 바뀌 었습니다. ^이 명령은 침략과 싸우는 저명한 세력 중 하나였습니다. 펜 도르 창립 후 202 년에 그레이터 바쿠스 제국에 의해 글 레이드 요원의 전투에 압도되어 오아 사르 장군의 군대에 의해 파괴되었습니다. 오아 사르 장군이 '대 군주'가되었을 때, Jatu가 황폐 한 후, 그는 자신의 엘리트 기병대의 식별 표시를 만들기 위해 주문 색을 통합했습니다. 이 기병들은 상상력의 확장으로 진정한 기사가 아니며, Validus Charta에서 작동하지 않지만, 제국의 시민들은 종종이 탑재 된 군인을 한때 고귀한 기사단의 잔재로 언급합니다. ^^ 드래곤의 순서-Rane의 Earl Klovis가 Pendor를 창립 한 후 199 년에 설립되었습니다. 색상 : Azure 필드의 Red Dragon Rane의 포위 공격 중에 전투 현장에서 명령이 실제로 성임되었다고 일부 기록이 있습니다. 다른 기사들은이 문서가 몇 주 후 북방 국경의 영주들에 의해 비준되고 서명되었을 때 그 명령이 실제로 존재했다고 지적했다. 그 토론을 다른 형제들의 손에 맡겨서 실제로 내 생애에 정착해야할지 결정해야합니다. ^^ 용의 명령은 미스트 마운틴 부족의 군대를 서고 이끌었던 고귀한 전사들을 기리기 위해 만들어졌습니다. 레인의 포위 공격. Validus Charta에 따라 헌장이없는 불량 주문입니다. ^^ 팔콘의 명령-펜 도르 설립 후 94 년에 설립되었습니다. 색상 : 노란색 필드에 검은 팔콘. 이 계급은 여성이 계급에 들어갈 수 있다는 점이 두드러집니다. 원래 헌장은 5 명의 창립 멤버 중 한 명으로 발레라라는 이름의 여자 전사였으며 전장에서 거의 놀리지 않았다. 이 명령은 영국의 초기 몇 년 동안 매우 성공적인 모험 회사로 시작되었으며 나중에 Validus Charta에 따라 변했습니다. ^^이 명령은 왕국이 붕괴 된 후 파편이되어 몇 년에 걸쳐 멸종 시점으로 떨어졌습니다. 이 명령은 그레고리 4 세 왕이 펜 도르를 창립 한 후 349 년에 레이븐 스턴에서 금지되었다. ^ 대부분의 명령은 다른 땅으로 퇴각하거나 도망 쳤다. ^ 학교 참고 :이 명령은 Fierdsvain의 Valkyrie와 함께 주문 엠블럼을 가슴에 착용 한 상태로 유지되었을 수있다. 이것에 대해 언급 한 어떠한 문서도 살아남지 않았으며, 발키리의 초기 의식은 잘 문서화되거나 이해되지 않았다. 나는 나의 학문적 인 형제들 중 어느 누구도이 여전사들의 가슴을 너무 면밀히 조사함으로써 그들의 남성 성을 위험에 빠뜨리고 싶어한다는 것을 의심한다. ^^ 그리폰의 순서-펜 도르 설립 이전에 설립되었습니다. 색상 : 브라운 필드에 금 그리폰. 이 권위있는 기사단은 카발 라스 라인의 왕실 경비원이었습니다. 198 년의 전염병은 왕실 가족뿐만 아니라 많은 양의 기사단을 멸망 시켰습니다. ^ 재앙 후, 그들은 그 차이를 제쳐 놓고 사자 질서와 협력하여 땅에서 질서를 유지했습니다. Lador의 숲에서 Pendor가 창립 된 후 203 년에이 명령은 Larian 농지로 이주한 Jatu의 작은 군대에 대항하여 최종 결정을 내 렸습니다. 라 투아가 Jatu에 의해 약탈 당하지 않도록 방어하는 데 성공했지만이 자랑스런 명령의 기사 한 명도 살아남지 못했습니다. Sarleon에있는 Griffon Knights의 대 홀은 수도원으로 개조 될 때까지 몇 년 동안 비어있었습니다. 학자 노트 : 그리핀의 명령을 부활시키기 위해 신청하는 기사들이 목표를 달성하지 못하도록하는 라이온의 명령에 관한 기록이 언급되어있다. 이것에 대해 더 연구해야 할 것입니다. ^^ 장미의 주문-Pendor가 창립 된 지 125 년 만에 설립되었습니다. 색상 : 그린 필드의 화이트 로즈. 이 명령은 Avendor의 Rhys 경에 의해 설립되었으며 그의 생애 동안 화려한 기사단의 눈에 띄는 순서였습니다. 펜 도르가 창립 된 후 158 년에 사망 한 후, 그의 후임자는 계급을 무술 추방에서 멀어지게했으며, 더 많은 것을 학문으로 향했다. 그 이후로이 명령은 Sarleon 귀족의 아들들이 훌륭한 와인과 지성 당뇨병을 즐길 수있는 엘리트 클럽으로 변질되었습니다. 나는 아직도 Avendor의 선술집과 뒷방에 존재하기 때문에 그것을 나열합니다. ^^ 내 손과 다른 사람에 의해 .. ^^ Surleon의 Huriss Aelswid, ^ 3 차 학교 ^^ Sarleon의 인장의 키퍼.
ip_pendor_althea|펜 도르 : Althea and Qualis
ip_pendor_althea_text|폭풍은 성곽의 차가운 돌담에 휩싸였습니다. ^^ 천둥의 메아리는 무모한 복도를 무너 뜨 렸습니다. 거대한 돌담을 가로 질러 그림자가 춤추는 횃불의 조용한 음악에 춤추는 그림자가 춤을 추었습니다. ^^ 알 테아는 혼자 옆에 앉아있었습니다. 수영장에서 물이 잘 드는 양모 숄을 쥐고 습한 오한을 막아냅니다. ^^ 'Quis가 당신의 말을 듣습니다.'라고 그녀는 간단히 말했습니다. 그녀는 횃불에 닿지 않은 그림자가 짙은 서까래를 올려다 보았습니다. ^^ 그녀의 가죽 날개가 and 소리를 내며 작은 용의 하강을 발표했습니다. 옆구리에 뾰족하고 뾰족한 발톱이 긁히는 소리가났다. ^^ '왜 안 쉬세요?' Qualis를 겁에 질렀습니다. ^^ '폭풍으로 나를 깨워줍니다. 알 테아는 그녀가 용에서 시선을 수영장의 물로 다시 돌렸을 때 우리가 아버지를 잃어버린 밤을 떠올리게한다 ''고 말했다. 그녀의 과거. 그녀의 희생의 고통은 여전히 신선했고, 그녀가 포기한 모든 것을 다시 생각할 때, 독방의 눈물이 그녀의 뺨을 미끄러 뜨 렸습니다. ^^ 용은 그녀의 슬픔을 당황스럽게 보았다. 그는 몇 년 동안이 엘프 여성과 함께 살았지만 여전히 수수께끼로 남아있었습니다. 그는 그녀와의 강한 유대 관계, 특히 해치 형제와의 끊임없는 관계를 이해할 수 없었습니다. 그는 수수께끼와 의지를 알았습니다. 그는 자신의 종류의 느슨한 친밀함, 사냥에 대한 사랑, 매 겨울마다 짝을 찾아야 할 필요성을 이해했지만 Althea의 행동은 설명 할 수 없었습니다. ^^ 그는 정신적으로 결함이 있거나 정신병을 일으킨 질병. ^^ 그는 마음에 친숙한 손길을 느꼈고, 지각이 부드럽게 바뀌었고, 오라클이 다시 자신의 의식에 살고 있음을 알았습니다. 그는 오래 전에이 내부 인터 로퍼와의 싸움을 그만 두었습니다. 수세기 동안 그는이 소유물에 맞서 싸웠으며 항상 헛된 일이었습니다. 이 저항의 허무함은 결국 그에게 달려 있었고, 그는 협력이 상호 이익이된다는 것을 알게되었습니다. ^^ 이제 습관이 없어서 그는 단순히 마음을 편안하게하고 깨끗하게했습니다. ^^ '알 테아, 당신은 고통에 빠졌습니다.' Qualis를 통한 Oracle. ^^ Altaa는 오라클이 경고없이 용의 몸을 통제 할 때 항상했던 것처럼 시작했습니다. ^^ '예', 그녀는 '내가 생각합니다. 폭풍은 너무 많은 슬픈 추억을 되찾아주었습니다. '^^'여전히 어렵다는 것을 알고 있지만 기꺼이 선택했습니다. 그러나 퀄리스는 열악하고 이해심이없고 슬픔에 시달리고있다 ''며``그녀는 따뜻하고 친숙한 그녀의 마음을 느끼고 오라클이 그녀의 의식에 들어 오게했다. 그녀의 방이 사라지기 시작했고, 그녀는 평화롭게 검은 색으로 미끄러 져 들어갔습니다. ^^ 다시 눈을 뜨면 아침이되었습니다. 폭풍이 지나고 밝은 햇빛이 큰 홀에서 횃불 그림자를 추방했습니다. 공기는 신선하고 깨끗한 냄새가 났으며 비는 여전히 남아 있습니다. ^^ 그의 런치에 앉아 반짝이는 사파이어 색조의 보석으로 둘러싸인 Qualis는 날개가 뒤로 접 히고 팔뚝이 무릎에 얹혀 있습니다. '나는 지금 Qualis를 자신에게 풀어줄 것입니다. 고난을 겪으면서 친절하게 대하십시오. ' ↑ Althea는 혼란스러워하는 Oracle-Qualis를 살펴 보았습니다. '그는 왜 괴로워합니까? 그리고 이것들은 무엇입니까? '그녀는 방에 반짝이는 빗방울처럼 흩어져있는 수십 개의 빛나는 보석을 지적하면서 물었습니다. ^^'Qualis가 슬픔을 느끼게 해주었습니다. Althea. 영리한 단순한 용이라도 용은 감정을 이해하지 못한다. 그들의 요구는 단순하며, 당신의 감정 표현이 부족합니다. 이 보석들은 Qualis가 당신의 고통을 겪었을 때 흘린 눈물입니다. ^^ 혼란스럽게도 Althea는 '드래곤들은 슬픔을 느끼지도 않고 눈물도 흘리지도 않습니다!'^^ '세상이 아닙니다. 지난 밤,이 작은 용은 그랬습니다. Qualis가 더 구성되면 의심 할 여지없이 황갈색으로 썰어 질 것이므로이 보석을 골라 내십시오. 나는 그들이 언젠가는 유용 할 것이라고 믿는다. '
